sku,description_short,description_standard,description_detailed
PLPC90B,"Black PP sip lids for 12oz coffee cups. Recyclable polypropylene with secure snap-fit closure for hot drinks on the go.","Black polypropylene sip lids designed for 12oz takeaway coffee cups. The secure snap-fit closure prevents spills during transport, while the raised sip opening allows comfortable drinking. Recyclable after use. Pack of 1000.","These black PP sip lids provide a sleek, professional finish for 12oz hot drink cups. The polypropylene construction offers durability and heat resistance, making them ideal for busy coffee shops and cafes. The secure snap-fit rim grips standard 90mm diameter cups firmly to prevent leaks during transport. The raised sip opening allows comfortable drinking while keeping drinks hot. Black colour suits premium cafe aesthetics and hides coffee residue. Fully recyclable through standard plastic recycling streams. Compatible with our 12oz single wall, double wall, and ripple wall coffee cups. Pack of 1000 lids for high-volume service."
PLPC90W,"White PP sip lids for 12oz coffee cups. Recyclable polypropylene with secure snap-fit closure for takeaway hot drinks.","White polypropylene sip lids designed for 12oz takeaway coffee cups. The secure snap-fit closure prevents spills during transport, while the raised sip opening allows comfortable drinking. Recyclable after use. Pack of 1000.","These white PP sip lids provide a clean, classic finish for 12oz hot drink cups. The polypropylene construction offers durability and heat resistance, making them ideal for busy coffee shops and cafes. The secure snap-fit rim grips standard 90mm diameter cups firmly to prevent leaks during transport. The raised sip opening allows comfortable drinking while keeping drinks hot. White colour offers a fresh, bright appearance that complements any cup design. Fully recyclable through standard plastic recycling streams. Compatible with our 12oz single wall, double wall, and ripple wall coffee cups. Pack of 1000 lids for high-volume service."
12BL-PC,"Compostable bagasse sip lids for 12oz coffee cups. Made from sugarcane fibre, fully biodegradable and eco-friendly.","White bagasse sip lids for 12oz coffee cups made from sugarcane fibre. Fully compostable in commercial facilities. The secure fit prevents spills while the natural material appeals to eco-conscious customers. Pack of 1000.","These bagasse sip lids offer the most sustainable option for 12oz hot drinks. Made from bagasse - the natural fibre left after sugarcane processing - they're 100% plant-based and commercially compostable. Unlike plastic lids, they break down in composting facilities within weeks alongside food waste. The sip-through opening provides easy drinking access while the secure 90mm rim fit prevents spills during transport. The natural white colour and eco credentials appeal to environmentally conscious customers. Perfect for zero-waste cafes, eco-conscious coffee shops, and businesses prioritising sustainability. Pair with our compostable paper cups for a fully plastic-free hot drinks service. Pack of 1000 lids."
PLPC62B,"Black rPET sip lids for 4oz espresso cups. Recyclable plastic with secure fit for small hot drinks.","Black rPET sip lids designed for 4oz espresso cups. Made from recycled plastic and fully recyclable again. The compact 62mm size fits espresso cups perfectly with a secure snap-fit closure. Pack of 1000.","These black rPET sip lids are purpose-built for 4oz espresso cups. Made from recycled PET plastic, they combine eco credentials with excellent performance. The 62mm diameter fits standard espresso cup rims securely, preventing spills during transport. The raised sip opening allows comfortable drinking of hot espresso and cortado drinks. The sleek black finish creates a premium aesthetic for upscale coffee service. Fully recyclable after use, supporting circular economy principles. Lightweight construction keeps shipping costs down while maintaining durability. Ideal for specialty coffee shops, high-street chains, and catering operations. Pack of 1000 lids for high-volume espresso service."
PLPC62W,"White rPET sip lids for 4oz espresso cups. Recyclable plastic with secure fit for small hot drinks.","White rPET sip lids designed for 4oz espresso cups. Made from recycled plastic and fully recyclable again. The compact 62mm size fits espresso cups perfectly with a secure snap-fit closure. Pack of 1000.","These white rPET sip lids are purpose-built for 4oz espresso cups. Made from recycled PET plastic, they combine eco credentials with excellent performance. The 62mm diameter fits standard espresso cup rims securely, preventing spills during transport. The raised sip opening allows comfortable drinking of hot espresso and cortado drinks. The clean white finish offers a fresh, bright appearance for any cafe setting. Fully recyclable after use, supporting circular economy principles. Lightweight construction keeps shipping costs down while maintaining durability. Ideal for specialty coffee shops, high-street chains, and catering operations. Pack of 1000 lids for high-volume espresso service."
PLPC80W,"White rPET sip lids for 8oz coffee cups. Recyclable plastic with secure snap-fit for flat whites and cappuccinos.","White rPET sip lids designed for 8oz coffee cups. Made from recycled plastic and fully recyclable. The 80mm diameter fits standard cups securely with a raised sip opening for comfortable drinking. Pack of 1000.","These white rPET sip lids are designed for 8oz coffee cups - the most popular size for flat whites, cappuccinos, and small lattes. Made from recycled PET plastic, they're eco-friendly and fully recyclable after use. The 80mm diameter creates a secure snap-fit on standard cup rims, preventing spills during transport. The raised sip opening allows comfortable drinking while retaining heat. White colour provides a clean, professional appearance that suits any cafe aesthetic. Lightweight yet durable construction ensures reliable performance. Compatible with our 8oz single wall, double wall, and ripple wall cups. Pack of 1000 lids for busy coffee shops and catering."
8BL-PC,"Compostable bagasse sip lids for 8oz coffee cups. Made from sugarcane fibre, fully biodegradable and eco-friendly.","White bagasse sip lids for 8oz coffee cups made from sugarcane fibre. Fully compostable in commercial facilities. The 80mm secure fit prevents spills while the natural material supports sustainability goals. Pack of 1000.","These bagasse sip lids offer the most sustainable option for 8oz hot drinks. Made from bagasse - the natural fibre remaining after sugarcane processing - they're 100% plant-based and commercially compostable. Break down in composting facilities within weeks alongside food waste. The sip-through opening provides easy drinking access for flat whites and cappuccinos while the secure 80mm rim fit prevents spills. The natural white colour and eco credentials appeal to environmentally conscious customers visiting specialty coffee shops. Perfect for zero-waste cafes and businesses where sustainability credentials matter. Pair with our compostable paper cups for completely plastic-free service. Pack of 1000 lids."
PLPC80B,"Black rPET sip lids for 8oz coffee cups. Recyclable plastic with secure snap-fit for flat whites and cappuccinos.","Black rPET sip lids designed for 8oz coffee cups. Made from recycled plastic and fully recyclable. The 80mm diameter fits standard cups securely with a raised sip opening for comfortable drinking. Pack of 1000.","These black rPET sip lids are designed for 8oz coffee cups - the most popular size for flat whites, cappuccinos, and small lattes. Made from recycled PET plastic, they're eco-friendly and fully recyclable after use. The 80mm diameter creates a secure snap-fit on standard cup rims, preventing spills during transport. The raised sip opening allows comfortable drinking while retaining heat. The sophisticated black finish creates a premium cafe aesthetic and hides coffee marks. Lightweight yet durable construction ensures reliable performance. Compatible with our 8oz single wall, double wall, and ripple wall cups. Pack of 1000 lids for busy coffee shops and catering."
UKMRHFP,"Half-pint UKCA marked compostable cups for pubs, bars, and events. CE compliant paper cups with PLA lining.","Half-pint UKCA marked compostable cups designed for licensed venues. White paper with plant-based PLA lining meets UK licensing requirements. Perfect for craft beer tastings, wine samples, and soft drinks at events. Pack of 1000.","These half-pint UKCA marked cups meet UK licensing requirements for serving measured drinks at pubs, bars, and events. The clear UKCA marking with half-pint line ensures trading standards compliance for licensed premises. Made from white paper with a plant-based PLA lining, they're commercially compostable - ideal for eco-conscious venues and outdoor festivals where waste management matters. The sturdy construction handles beer, cider, wine, and soft drinks confidently. Perfect for craft beer tastings, wine samples, festival bars, and any venue needing compliant disposable glassware. The compostable credentials appeal to environmentally aware customers. Pack of 1000 cups for high-volume events and busy venues."
UKMRFP,"Pint UKCA marked compostable cups for pubs, bars, and festivals. CE compliant paper cups with PLA lining.","Pint-to-line UKCA marked compostable cups designed for licensed venues. White paper with plant-based PLA lining meets UK licensing requirements. Perfect for beer festivals, outdoor events, and pub gardens. Pack of 1000.","These pint UKCA marked cups meet UK licensing requirements for serving full pints at pubs, bars, and festivals. The clear UKCA marking with pint-to-line ensures trading standards compliance for licensed premises. Made from white paper with a plant-based PLA lining, they're commercially compostable - ideal for eco-conscious venues and outdoor festivals where waste management matters. The sturdy construction handles beer, cider, and soft drinks confidently without becoming soggy. Perfect for beer festivals, outdoor concerts, pub gardens, sports events, and any venue needing compliant disposable pint glasses. The compostable credentials support sustainability goals and appeal to environmentally aware customers. Pack of 1000 cups for high-volume events."
12-DWC-W,"12oz white double wall coffee cups. Extra insulation keeps drinks hot without sleeves - perfect for lattes and americanos.","12oz white double wall paper coffee cups with built-in insulation. The air pocket between walls keeps drinks hot while staying cool to hold - no sleeve needed. Premium smooth finish for professional presentation. Pack of 500.","These 12oz double wall cups deliver premium hot drink service without additional sleeves. The innovative double wall construction creates an insulating air pocket that keeps coffee, tea, and hot chocolate at optimal drinking temperature while remaining comfortable to hold. The smooth white exterior provides a clean, professional canvas for branded sleeves or labels. Perfect for lattes, americanos, and medium hot drinks. Made from sustainably sourced paper with a plant-based lining for commercial composting. The 12oz size suits most coffee shop standard drinks and pairs perfectly with our 90mm sip lids. Ideal for cafes, coffee shops, and catering where presentation and quality matter. Pack of 500 cups."
12-DWC-K,"12oz kraft double wall coffee cups. Extra insulation keeps drinks hot without sleeves - natural brown artisan aesthetic.","12oz kraft double wall paper coffee cups with built-in insulation. The air pocket between walls keeps drinks hot while staying cool to hold - no sleeve needed. Natural brown finish for artisan cafe appeal. Pack of 500.","These 12oz double wall cups deliver premium hot drink service with an artisan aesthetic. The innovative double wall construction creates an insulating air pocket that keeps coffee, tea, and hot chocolate at optimal drinking temperature while remaining comfortable to hold. The natural kraft exterior provides an earthy, eco-friendly appearance that appeals to specialty coffee customers. Perfect for lattes, americanos, and medium hot drinks. Made from sustainably sourced paper with a plant-based lining for commercial composting. The 12oz size suits most coffee shop standard drinks and pairs perfectly with our 90mm sip lids. Ideal for independent cafes, specialty roasters, and artisan food businesses. Pack of 500 cups."
16-DWC-W,"16oz white double wall coffee cups. Large size with extra insulation for big lattes and americanos - no sleeve needed.","16oz white double wall paper coffee cups with built-in insulation. Large size perfect for big lattes and extra-shot americanos. The double wall keeps drinks hot while staying cool to hold. Premium smooth white finish. Pack of 500.","These 16oz double wall cups are built for large hot drinks without additional sleeves. The innovative double wall construction creates an insulating air pocket that keeps coffee, tea, and hot chocolate at optimal drinking temperature while remaining comfortable to hold. The smooth white exterior provides a clean, professional canvas for branded sleeves or labels. The generous 16oz size accommodates large lattes, extra-shot americanos, and grande-style drinks. Made from sustainably sourced paper with a plant-based lining for commercial composting. Pairs perfectly with our 90mm sip lids for secure takeaway service. Ideal for high-street chains, cafes with large drink options, and catering operations. Pack of 500 cups."
8-DWC-K,"8oz kraft double wall coffee cups. Compact with extra insulation for flat whites and cappuccinos - artisan aesthetic.","8oz kraft double wall paper coffee cups with built-in insulation. Perfect for flat whites and cappuccinos. The double wall keeps drinks hot while staying cool to hold. Natural brown finish for specialty coffee appeal. Pack of 500.","These 8oz double wall cups deliver premium presentation for small specialty drinks. The innovative double wall construction creates an insulating air pocket that keeps flat whites, cappuccinos, and cortados at optimal drinking temperature while remaining comfortable to hold. The natural kraft exterior provides an artisan, eco-friendly appearance that specialty coffee customers love. The compact 8oz size is ideal for third-wave coffee shops serving quality over quantity. Made from sustainably sourced paper with a plant-based lining for commercial composting. Pairs perfectly with our 80mm sip lids for secure takeaway service. Ideal for specialty roasters, independent cafes, and artisan coffee businesses. Pack of 500 cups."
8-DWC-W,"8oz white double wall coffee cups. Compact with extra insulation for flat whites and cappuccinos - premium finish.","8oz white double wall paper coffee cups with built-in insulation. Perfect for flat whites and cappuccinos. The double wall keeps drinks hot while staying cool to hold. Clean white finish for professional presentation. Pack of 500.","These 8oz double wall cups deliver premium presentation for small specialty drinks. The innovative double wall construction creates an insulating air pocket that keeps flat whites, cappuccinos, and cortados at optimal drinking temperature while remaining comfortable to hold. The smooth white exterior provides a clean, professional canvas for branded sleeves or labels. The compact 8oz size is ideal for specialty coffee shops serving quality drinks. Made from sustainably sourced paper with a plant-based lining for commercial composting. Pairs perfectly with our 80mm sip lids for secure takeaway service. Ideal for cafes, coffee shops, and catering where premium presentation matters. Pack of 500 cups."
12BRDW,"12oz black ripple wall coffee cups. Textured grip with built-in insulation - sophisticated aesthetic for premium service.","12oz black ripple wall paper coffee cups with textured insulation. The distinctive ripple pattern provides comfortable grip and keeps drinks hot without sleeves. Sophisticated black finish for upscale presentation. Pack of 500.","These 12oz ripple wall cups combine practical functionality with sophisticated style. The distinctive ripple pattern isn't just aesthetic - it provides natural insulation that keeps drinks hot while creating a comfortable grip without additional sleeves. The elegant black finish creates premium presentation ideal for upscale cafes and specialty coffee shops. Perfect for lattes, americanos, and medium hot drinks. Made from sustainably sourced paper with a plant-based lining suitable for commercial composting. The 12oz size accommodates standard cafe drinks and pairs perfectly with our 90mm sip lids. The sophisticated black colour hides marks and looks professional throughout service. Pack of 500 cups for quality-focused establishments."
12KRDW,"12oz kraft ripple wall coffee cups. Textured grip with built-in insulation - artisan aesthetic for specialty coffee.","12oz kraft ripple wall paper coffee cups with textured insulation. The distinctive ripple pattern provides comfortable grip and keeps drinks hot without sleeves. Natural brown finish for artisan cafe appeal. Pack of 500.","These 12oz ripple wall cups combine practical functionality with artisan style. The distinctive ripple pattern isn't just aesthetic - it provides natural insulation that keeps drinks hot while creating a comfortable grip without additional sleeves. The natural kraft finish creates an earthy, eco-friendly appearance that specialty coffee customers appreciate. Perfect for lattes, americanos, and medium hot drinks. Made from sustainably sourced paper with a plant-based lining suitable for commercial composting. The 12oz size accommodates standard cafe drinks and pairs perfectly with our 90mm sip lids. Ideal for independent coffee shops, specialty roasters, and venues prioritising sustainability credentials. Pack of 500 cups."
16KRDW,"16oz kraft ripple wall coffee cups. Large size with textured grip and built-in insulation - no sleeve needed.","16oz kraft ripple wall paper coffee cups with textured insulation. Large size for big lattes and americanos. The ripple pattern provides comfortable grip while keeping drinks hot. Natural brown artisan finish. Pack of 500.","These 16oz ripple wall cups are built for large hot drinks with practical style. The distinctive ripple pattern provides natural insulation that keeps drinks hot while creating a comfortable grip without additional sleeves. The natural kraft finish creates an earthy, eco-friendly appearance that appeals to environmentally conscious customers. The generous 16oz size accommodates large lattes, extra-shot americanos, and grande-style drinks. Made from sustainably sourced paper with a plant-based lining suitable for commercial composting. Pairs perfectly with our 90mm sip lids for secure takeaway service. Ideal for cafes offering large drink options, food trucks, and high-volume operations. Pack of 500 cups."
16BRDW,"16oz black ripple wall coffee cups. Large size with textured grip and built-in insulation - premium aesthetic.","16oz black ripple wall paper coffee cups with textured insulation. Large size for big lattes and americanos. The ripple pattern provides comfortable grip while keeping drinks hot. Sophisticated black finish. Pack of 500.","These 16oz ripple wall cups deliver large drink capacity with sophisticated style. The distinctive ripple pattern provides natural insulation that keeps drinks hot while creating a comfortable grip without additional sleeves. The elegant black finish creates premium presentation ideal for upscale cafes and specialty chains. The generous 16oz size accommodates large lattes, extra-shot americanos, and grande-style drinks. Made from sustainably sourced paper with a plant-based lining suitable for commercial composting. Pairs perfectly with our 90mm sip lids for secure takeaway service. The black colour maintains a professional appearance throughout service. Ideal for quality-focused chains and premium cafes. Pack of 500 cups."
4BRDW,"4oz black ripple wall espresso cups. Compact with textured grip and insulation - premium presentation for small drinks.","4oz black ripple wall paper espresso cups with textured insulation. Perfect for espressos and cortados. The ripple pattern provides comfortable grip on this compact size. Sophisticated black finish. Pack of 1000.","These 4oz ripple wall cups bring premium presentation to espresso service. The distinctive ripple pattern provides natural insulation and comfortable grip even on this compact size. The elegant black finish creates sophisticated presentation for espressos, cortados, and macchiatos. Made from sustainably sourced paper with a plant-based lining suitable for commercial composting. The 4oz size is ideal for specialty coffee shops offering quality espresso-based drinks. Pairs perfectly with our 62mm sip lids for takeaway service. The black colour maintains professional appearance and hides marks. Perfect for third-wave coffee shops, espresso bars, and premium cafes where presentation matters. Pack of 1000 cups."
4KRDW,"4oz kraft ripple wall espresso cups. Compact with textured grip and insulation - artisan aesthetic for small drinks.","4oz kraft ripple wall paper espresso cups with textured insulation. Perfect for espressos and cortados. The ripple pattern provides comfortable grip on this compact size. Natural brown artisan finish. Pack of 1000.","These 4oz ripple wall cups bring artisan style to espresso service. The distinctive ripple pattern provides natural insulation and comfortable grip even on this compact size. The natural kraft finish creates an earthy, eco-friendly appearance that specialty coffee customers love. Made from sustainably sourced paper with a plant-based lining suitable for commercial composting. The 4oz size is ideal for specialty coffee shops offering quality espresso-based drinks. Pairs perfectly with our 62mm sip lids for takeaway service. The kraft finish appeals to customers who appreciate sustainable, artisan products. Perfect for independent roasters, specialty cafes, and eco-conscious coffee shops. Pack of 1000 cups."
8KRDW,"8oz kraft ripple wall coffee cups. Textured grip with built-in insulation - perfect for flat whites without sleeves.","8oz kraft ripple wall paper coffee cups with textured insulation. The ripple pattern provides comfortable grip and keeps flat whites and cappuccinos hot without sleeves. Natural brown artisan finish. Pack of 500.","These 8oz ripple wall cups are perfectly sized for specialty drinks. The distinctive ripple pattern provides natural insulation that keeps flat whites and cappuccinos hot while creating a comfortable grip without additional sleeves. The natural kraft finish creates an earthy, eco-friendly appearance that specialty coffee customers appreciate. Made from sustainably sourced paper with a plant-based lining suitable for commercial composting. The 8oz size suits flat whites, cappuccinos, and small lattes. Pairs perfectly with our 80mm sip lids for secure takeaway service. Ideal for independent coffee shops, specialty roasters, and artisan cafes prioritising quality and sustainability. Pack of 500 cups."
8BRDW,"8oz black ripple wall coffee cups. Textured grip with built-in insulation - sophisticated for flat whites and cappuccinos.","8oz black ripple wall paper coffee cups with textured insulation. The ripple pattern provides comfortable grip and keeps flat whites and cappuccinos hot without sleeves. Sophisticated black finish. Pack of 500.","These 8oz ripple wall cups bring sophisticated style to specialty drinks. The distinctive ripple pattern provides natural insulation that keeps flat whites and cappuccinos hot while creating a comfortable grip without additional sleeves. The elegant black finish creates premium presentation for upscale coffee service. Made from sustainably sourced paper with a plant-based lining suitable for commercial composting. The 8oz size suits flat whites, cappuccinos, and small lattes. Pairs perfectly with our 80mm sip lids for secure takeaway service. The black colour maintains professional appearance throughout service. Ideal for premium cafes and specialty coffee shops where presentation matters. Pack of 500 cups."
12WSW,"12oz white single wall coffee cups. Classic design for lattes and americanos - economical choice for high-volume service.","12oz white single wall paper coffee cups for hot drinks. Classic economical choice for high-volume cafes and events. Best used with cup sleeves for comfort. Clean white finish works with any branding. Pack of 1000.","These 12oz single wall cups offer reliable hot drink service at excellent value. The classic single wall design is perfect for high-volume operations where economy matters - ideal when paired with separate cup sleeves for customer comfort. The clean white exterior provides a professional canvas for branded sleeves, stamps, or printed cup wraps. The 12oz size suits standard lattes, americanos, and medium coffee orders. Made from sustainably sourced paper with a plant-based lining suitable for commercial composting. Pairs perfectly with our 90mm sip lids for takeaway service. The economical price point makes these ideal for busy cafes, corporate catering, and large events. Pack of 1000 cups."
16WSW,"16oz white single wall coffee cups. Large size for big lattes - economical choice for high-volume service.","16oz white single wall paper coffee cups for hot drinks. Large size perfect for big lattes and extra-shot americanos. Economical choice for high-volume service. Best used with cup sleeves for comfort. Pack of 1000.","These 16oz single wall cups offer generous capacity at excellent value. The classic single wall design is perfect for high-volume operations where economy matters - ideal when paired with separate cup sleeves for customer comfort. The clean white exterior provides a professional canvas for branded sleeves, stamps, or printed cup wraps. The large 16oz size accommodates big lattes, extra-shot americanos, and grande-style drinks. Made from sustainably sourced paper with a plant-based lining suitable for commercial composting. Pairs perfectly with our 90mm sip lids for takeaway service. The economical price point makes these ideal for busy cafes, food trucks, and large events. Pack of 1000 cups."
4WSW,"4oz white single wall espresso cups. Compact economical choice for espressos and taster portions.","4oz white single wall paper espresso cups for hot drinks. Compact size perfect for espressos, cortados, and taster portions. Economical choice for high-volume espresso service. Clean white professional finish. Pack of 1000.","These 4oz single wall cups provide economical espresso service. The compact size is perfect for espressos, cortados, macchiatos, and taster portions at coffee events. The clean white exterior provides a professional canvas for branded elements. Made from sustainably sourced paper with a plant-based lining suitable for commercial composting. The economical price point makes these ideal for busy espresso bars, high-street chains, and event catering where volume matters. Pairs perfectly with our 62mm sip lids for takeaway service. The lightweight single wall design works well for quick espresso service where drinks are consumed promptly. Pack of 1000 cups."
8WSW,"8oz white single wall coffee cups. Classic size for flat whites - economical choice for high-volume service.","8oz white single wall paper coffee cups for hot drinks. Perfect size for flat whites and cappuccinos. Economical choice for high-volume cafes. Best used with cup sleeves for comfort. Clean white finish. Pack of 1000.","These 8oz single wall cups offer the most popular small coffee size at excellent value. The classic single wall design is perfect for high-volume operations where economy matters - ideal when paired with separate cup sleeves for customer comfort. The clean white exterior provides a professional canvas for branded sleeves, stamps, or printed cup wraps. The 8oz size suits flat whites, cappuccinos, and small lattes perfectly. Made from sustainably sourced paper with a plant-based lining suitable for commercial composting. Pairs perfectly with our 80mm sip lids for takeaway service. The economical price point makes these ideal for busy high-street cafes, corporate catering, and events. Pack of 1000 cups."
12RPTRC,"12oz clear smoothie cups. Crystal clear rPET showcases colourful drinks - recyclable plastic for cold beverages.","12oz clear rPET smoothie cups for cold drinks. Crystal clear walls showcase smoothies, milkshakes, and iced drinks beautifully. Made from recycled plastic and fully recyclable. Sturdy construction. Pack of 1000.","These 12oz clear cups deliver professional presentation for cold beverages. Made from rPET (recycled PET plastic), they combine crystal clarity with eco credentials - made from recycled content and fully recyclable after use. The sturdy construction prevents cracking and leaking while the clear walls showcase colourful smoothies, layered milkshakes, and iced drinks perfectly. The 12oz size suits standard smoothie portions, iced coffees, and fresh juices. Compatible with our 12oz dome lids for whipped cream toppings or flat lids with straw slot for everyday service. Ideal for juice bars, smoothie shops, bubble tea stores, and cafes serving cold drinks. Pack of 1000 cups."
16RPTRC,"16oz clear smoothie cups. Large size crystal clear rPET for smoothies and iced drinks - recyclable plastic.","16oz clear rPET smoothie cups for cold drinks. Large size with crystal clear walls that showcase smoothies, milkshakes, and iced drinks beautifully. Made from recycled plastic and fully recyclable. Pack of 1000.","These 16oz clear cups are built for large cold beverages with premium presentation. Made from rPET (recycled PET plastic), they combine crystal clarity with eco credentials - made from recycled content and fully recyclable after use. The sturdy construction prevents cracking and leaking while the clear walls showcase colourful smoothies, layered milkshakes, and iced drinks perfectly. The generous 16oz size suits large smoothie portions, loaded milkshakes, and grande iced coffees. Compatible with our 16-20oz dome lids for whipped cream toppings or flat lids with straw slot. Ideal for juice bars, smoothie shops, and cafes serving large cold drinks. Pack of 1000 cups."
9RPTRC,"9oz clear smoothie cups. Compact crystal clear rPET for small smoothies and juices - recyclable plastic.","9oz clear rPET smoothie cups for cold drinks. Compact size perfect for fresh juices and small smoothies. Crystal clear walls showcase drinks beautifully. Made from recycled plastic and fully recyclable. Pack of 1000.","These 9oz clear cups are perfect for smaller cold beverages with premium presentation. Made from rPET (recycled PET plastic), they combine crystal clarity with eco credentials - made from recycled content and fully recyclable after use. The sturdy construction prevents cracking and leaking while the clear walls showcase colourful juices and smoothies perfectly. The compact 9oz size suits fresh juices, kids portions, and small smoothie servings. Compatible with our 9oz dome lids for toppings or flat lids with straw slot for everyday service. Ideal for juice bars, healthy eating outlets, and cafes serving smaller cold drink options. Pack of 1000 cups."
12RPTDL,"Dome lids for 12oz smoothie cups. Clear rPET with extra headroom for whipped cream and toppings.","Clear rPET dome lids for 12oz smoothie cups. The raised dome provides extra headroom for whipped cream, fruit toppings, and generous garnishes. Secure snap-fit prevents spills. Fully recyclable. Pack of 1000.","These dome lids are designed for 12oz cold drinks with toppings. The raised dome shape provides extra headroom for whipped cream, fruit garnishes, and generous toppings on smoothies, milkshakes, and frappuccinos. Made from crystal clear rPET plastic for full drink visibility while remaining fully recyclable. The secure snap-fit closure grips cup rims firmly to prevent spills during transport. Perfect for indulgent drinks where presentation matters. Compatible with our 12oz clear smoothie cups. Ideal for smoothie bars, bubble tea stores, and cafes serving premium cold drinks with toppings. Pack of 1000 lids."
20RPTDL,"Dome lids for 16-20oz smoothie cups. Clear rPET with extra headroom for whipped cream and toppings.","Clear rPET dome lids for 16oz-20oz smoothie cups. The raised dome provides extra headroom for whipped cream, fruit toppings, and generous garnishes. Secure snap-fit prevents spills. Fully recyclable. Pack of 1000.","These dome lids are designed for large 16-20oz cold drinks with toppings. The raised dome shape provides extra headroom for whipped cream, fruit garnishes, and generous toppings on large smoothies, milkshakes, and frappuccinos. Made from crystal clear rPET plastic for full drink visibility while remaining fully recyclable. The secure snap-fit closure grips cup rims firmly to prevent spills during transport. Perfect for indulgent drinks where presentation matters. Compatible with our 16oz clear smoothie cups. Ideal for smoothie bars, bubble tea stores, and cafes serving premium cold drinks with toppings. Pack of 1000 lids."
9RPTDL,"Dome lids for 9oz smoothie cups. Clear rPET with extra headroom for whipped cream and toppings.","Clear rPET dome lids for 9oz smoothie cups. The raised dome provides extra headroom for whipped cream, fruit toppings, and garnishes on smaller drinks. Secure snap-fit prevents spills. Fully recyclable. Pack of 2000.","These dome lids are designed for 9oz cold drinks with toppings. The raised dome shape provides extra headroom for whipped cream, fruit garnishes, and toppings on small smoothies, kids milkshakes, and juice drinks. Made from crystal clear rPET plastic for full drink visibility while remaining fully recyclable. The secure snap-fit closure grips cup rims firmly to prevent spills during transport. Perfect for smaller indulgent drinks where presentation still matters. Compatible with our 9oz clear smoothie cups. Ideal for juice bars, kids drink menus, and cafes serving smaller cold drinks with toppings. Pack of 2000 lids."
12RPTFL,"Flat lids for 12oz smoothie cups. Clear rPET with straw slot - sleek low-profile for everyday drinks.","Clear rPET flat lids for 12oz smoothie cups. Sleek low-profile design with straw slot for standard smoothies and iced drinks. Secure snap-fit prevents spills during transport. Fully recyclable. Pack of 1000.","These flat lids provide sleek closure for 12oz cold drinks. The low-profile design with straw slot suits standard smoothies, iced coffees, and juices without toppings. Made from crystal clear rPET plastic for full drink visibility while remaining fully recyclable. The secure snap-fit closure grips cup rims firmly to prevent spills during transport. The practical straw slot accommodates standard drinking straws. Perfect for everyday cold drink service. Compatible with our 12oz clear smoothie cups. Ideal for juice bars, smoothie shops, and cafes serving cold drinks for delivery and takeaway. Pack of 1000 lids."
20RPTFL,"Flat lids for 16-20oz smoothie cups. Clear rPET with straw slot - sleek low-profile for large drinks.","Clear rPET flat lids for 16oz-20oz smoothie cups. Sleek low-profile design with straw slot for large smoothies and iced drinks. Secure snap-fit prevents spills during transport. Fully recyclable. Pack of 1000.","These flat lids provide sleek closure for large 16-20oz cold drinks. The low-profile design with straw slot suits large smoothies, iced coffees, and juices without toppings. Made from crystal clear rPET plastic for full drink visibility while remaining fully recyclable. The secure snap-fit closure grips cup rims firmly to prevent spills during transport. The practical straw slot accommodates standard and jumbo drinking straws. Perfect for everyday large cold drink service. Compatible with our 16oz clear smoothie cups. Ideal for juice bars, smoothie shops, and delivery operations. Pack of 1000 lids."
9RPTFL,"Flat lids for 9oz smoothie cups. Clear rPET with straw slot - sleek low-profile for small drinks.","Clear rPET flat lids for 9oz smoothie cups. Sleek low-profile design with straw slot for small smoothies and juices. Secure snap-fit prevents spills during transport. Fully recyclable. Pack of 2000.","These flat lids provide sleek closure for 9oz cold drinks. The low-profile design with straw slot suits small smoothies, fresh juices, and kids drinks without toppings. Made from crystal clear rPET plastic for full drink visibility while remaining fully recyclable. The secure snap-fit closure grips cup rims firmly to prevent spills during transport. The practical straw slot accommodates standard drinking straws. Perfect for everyday small cold drink service. Compatible with our 9oz clear smoothie cups. Ideal for juice bars, healthy eating outlets, and kids drink menus. Pack of 2000 lids."
10PICCB,"10oz blue ice cream cups. Large paper cups for sundaes and generous gelato portions with vibrant design.","10oz blue paper ice cream cups for generous dessert servings. Vibrant blue design creates eye-catching presentation. Insulated construction keeps frozen treats at optimal temperature. Perfect for sundaes and large portions. Pack of 500.","These 10oz ice cream cups are built for generous dessert servings with standout presentation. The vibrant blue design creates eye-catching appeal that customers love, while the insulated paper construction keeps ice cream, gelato, and frozen yogurt at optimal serving temperature without condensation. The large 10oz size accommodates sundaes, banana splits, and generous multi-scoop portions. Perfect for ice cream parlours, gelaterias, dessert shops, and event catering. No additional branding needed - the colourful design speaks for itself. Sturdy construction prevents leaks and maintains shape throughout service. Pack of 500 cups for busy dessert operations."
4PICC,"4oz multi-colour ice cream cups. Compact paper cups for tasters and kids portions with fun vibrant design.","4oz multi-colour paper ice cream cups for taster portions and kids servings. Fun vibrant design appeals to younger customers. Insulated construction keeps frozen treats cold. Perfect for sampling and small treats. Pack of 500.","These 4oz ice cream cups are perfect for taster portions and kids servings. The fun multi-colour design appeals to younger customers and creates playful presentation. The insulated paper construction keeps ice cream, gelato, and frozen yogurt at optimal serving temperature without condensation on the outside. The compact 4oz size is ideal for single scoops, taster portions at food festivals, and kids menus at family venues. Perfect for ice cream parlours, soft play centres, and event catering. The colourful exterior creates instant appeal without additional branding. Sturdy construction maintains shape throughout service. Pack of 500 cups."
5PICCO,"5oz orange ice cream cups. Single scoop paper cups for standard gelato portions with vibrant design.","5oz orange paper ice cream cups for single scoop servings. Vibrant orange design creates warm, appetising presentation. Insulated construction keeps frozen treats at optimal temperature. Perfect for standard portions. Pack of 500.","These 5oz ice cream cups are ideal for standard single scoop servings. The vibrant orange design creates warm, appetising presentation that draws customers to your dessert counter. The insulated paper construction keeps ice cream, gelato, and frozen yogurt at optimal serving temperature without condensation. The 5oz size accommodates single scoops and standard gelato portions perfectly. Great for gelaterias, ice cream parlours, and dessert shops serving quality portions. The eye-catching orange colour stands out in any setting without additional branding. Sturdy construction prevents leaks and maintains shape throughout service. Pack of 500 cups."
6PICC,"6oz multi-colour ice cream cups. Standard size paper cups for regular ice cream portions with fun design.","6oz multi-colour paper ice cream cups for standard dessert servings. Fun vibrant design appeals to all ages. Insulated construction keeps frozen treats at optimal temperature. Versatile size suits most servings. Pack of 500.","These 6oz ice cream cups offer versatile sizing for standard dessert servings. The fun multi-colour design creates appealing presentation for customers of all ages. The insulated paper construction keeps ice cream, gelato, and frozen yogurt at optimal serving temperature without condensation. The 6oz size accommodates standard single or small double scoops, making it the versatile choice for most ice cream operations. Perfect for ice cream parlours, frozen yogurt bars, dessert shops, and event catering. The colourful exterior creates instant visual appeal without additional branding costs. Sturdy construction maintains shape throughout service. Pack of 500 cups."
8PICC,"8oz multi-colour ice cream cups. Double scoop paper cups for generous ice cream portions with vibrant design.","8oz multi-colour paper ice cream cups for generous double scoop servings. Fun vibrant design creates standout presentation. Insulated construction keeps frozen treats at optimal temperature. Great for indulgent portions. Pack of 500.","These 8oz ice cream cups are perfect for generous double scoop servings. The fun multi-colour design creates standout presentation that customers love, while the insulated paper construction keeps ice cream, gelato, and frozen yogurt at optimal serving temperature. The 8oz size accommodates double scoops, sharing portions, and indulgent servings with room for toppings. Perfect for ice cream parlours, dessert cafes, and venues offering premium portions. The colourful exterior draws attention and creates instant appeal without additional branding. Sturdy construction prevents leaks and handles toppings confidently. Pack of 500 cups for busy dessert operations."
33-1-NAP,"33cm white 1-ply dispenser napkins. Economy choice for high-traffic cafes and quick-service restaurants.","33 x 33cm white 1-ply paper dispenser napkins for high-volume catering. Economy choice perfect for quick-service restaurants, cafes, and canteens. Compact fold fits standard napkin dispensers. Pack of 5000.","These 1-ply dispenser napkins deliver practical value for high-traffic venues. The 33 x 33cm size provides adequate coverage while the single ply construction offers economy for operations where volume matters most. The compact fold fits standard napkin dispensers for easy customer access. White colour provides clean, professional appearance suitable for any setting. Perfect for quick-service restaurants, workplace canteens, cafes, and takeaway counters where napkins are used freely. The large pack of 5000 napkins keeps busy venues stocked for extended periods. Made from paper that can be composted after use. Ideal where economy and practicality take priority."
4FDINBL,"40cm black 2-ply dinner napkins. 4-fold premium paper napkins for elegant restaurant and event service.","40 x 40cm black 2-ply dinner napkins with 4-fold presentation. Premium paper quality for restaurants and events. The elegant black colour creates sophisticated table settings. Absorbent 2-ply construction. Pack of 2000.","These 2-ply dinner napkins bring elegant presentation to restaurant and event service. The 40 x 40cm size provides generous coverage, while the 4-fold design creates a refined table setting. The sophisticated black colour suits upscale restaurants, cocktail events, and formal occasions where presentation matters. The 2-ply construction provides excellent absorbency while maintaining softness. Perfect for fine dining restaurants, catering companies, wedding receptions, and corporate events. Black napkins hide stains effectively and create dramatic contrast against white tablecloths. Made from quality paper stock. Pack of 2000 napkins for professional catering operations."
4FDINWH,"40cm white 2-ply dinner napkins. 4-fold classic paper napkins for restaurant and event service.","40 x 40cm white 2-ply dinner napkins with 4-fold presentation. Classic white paper quality for restaurants and events. The crisp white colour suits any table setting. Absorbent 2-ply construction. Pack of 2000.","These 2-ply dinner napkins provide classic elegance for restaurant and event service. The 40 x 40cm size offers generous coverage, while the 4-fold design creates a refined table setting. The crisp white colour suits any decor and complements all table settings from casual to formal. The 2-ply construction provides excellent absorbency while maintaining softness. Perfect for restaurants, hotels, catering companies, wedding receptions, and corporate dining. White napkins offer versatile presentation for any occasion. Made from quality paper stock. Pack of 2000 napkins for professional catering operations requiring reliable quality."
8FDINBL,"40cm black 3-ply dinner napkins. 8-fold premium thickness for fine dining and special events.","40 x 40cm black 3-ply dinner napkins with 8-fold presentation. Premium thickness for fine dining and upscale events. The elegant black colour and superior quality create luxury table settings. Pack of 2000.","These 3-ply dinner napkins deliver premium quality for fine dining and special events. The 40 x 40cm size provides generous coverage, while the 8-fold design creates an elegant presentation. The sophisticated black colour suits upscale restaurants, gala dinners, and formal occasions. The 3-ply construction provides superior thickness and absorbency - noticeably more luxurious than standard napkins. Perfect for Michelin-starred restaurants, luxury hotels, wedding venues, and high-end corporate events. Black napkins create dramatic presentation and hide stains elegantly. The premium weight signals quality to discerning guests. Pack of 2000 napkins for establishments where excellence matters."
8FDINWH,"40cm white 3-ply dinner napkins. 8-fold premium thickness for fine dining and special events.","40 x 40cm white 3-ply dinner napkins with 8-fold presentation. Premium thickness for fine dining and upscale events. The crisp white colour and superior quality create elegant table settings. Pack of 2000.","These 3-ply dinner napkins deliver premium quality for fine dining and special events. The 40 x 40cm size provides generous coverage, while the 8-fold design creates an elegant presentation. The crisp white colour suits any upscale setting from fine dining restaurants to wedding receptions. The 3-ply construction provides superior thickness and absorbency - noticeably more luxurious than standard napkins. Perfect for quality restaurants, luxury hotels, wedding venues, and high-end corporate events. White napkins complement any table setting with classic elegance. The premium weight signals quality to discerning guests. Pack of 2000 napkins for establishments where excellence matters."
8FAIRWH,"40cm white airlaid dinner napkins. Linen-feel premium quality for upscale dining and special occasions.","40 x 40cm white airlaid dinner napkins with luxurious linen-feel texture. Premium quality that mimics cloth napkins at a fraction of the cost. Perfect for fine dining and special events. Pack of 500.","These airlaid dinner napkins deliver the closest experience to cloth napkins in a disposable format. The 40 x 40cm size provides generous coverage, while the luxurious airlaid construction creates a soft, cloth-like texture that impresses guests. The elegant white colour suits any upscale setting. Unlike standard paper napkins, airlaid material has a unique three-dimensional structure that provides exceptional absorbency and strength while feeling genuinely premium. Perfect for fine dining restaurants, luxury hotels, wedding receptions, and corporate galas. Eliminates laundering costs while maintaining upscale presentation. Pack of 500 napkins for quality-focused establishments."
8FAIRBL,"40cm black airlaid dinner napkins. Linen-feel premium quality for upscale dining and special occasions.","40 x 40cm black airlaid dinner napkins with luxurious linen-feel texture. Premium quality that mimics cloth napkins at a fraction of the cost. Sophisticated black for fine dining and events. Pack of 500.","These airlaid dinner napkins deliver the closest experience to cloth napkins in a disposable format. The 40 x 40cm size provides generous coverage, while the luxurious airlaid construction creates a soft, cloth-like texture that impresses guests. The sophisticated black colour creates dramatic, elegant presentation. Unlike standard paper napkins, airlaid material has a unique three-dimensional structure that provides exceptional absorbency and strength while feeling genuinely premium. Perfect for fine dining restaurants, cocktail events, and formal occasions. Black colour hides stains while creating visual impact. Eliminates laundering costs while maintaining upscale presentation. Pack of 500 napkins."
AIRCNWH,"23cm white airlaid cocktail napkins. Premium linen-feel quality for bars, events, and upscale service.","23 x 23cm white premium airlaid cocktail napkins with luxurious linen-feel texture. Compact size perfect for drinks service at bars and events. Superior quality compared to standard paper napkins. Pack of 2400.","These premium airlaid cocktail napkins bring luxury to drinks service. The 23 x 23cm size is perfect for placing under glasses and accompanying drinks at bars and events. The airlaid construction creates a soft, cloth-like texture that sets them apart from standard paper napkins. White colour provides clean, versatile presentation for any venue. The exceptional absorbency handles condensation from cold drinks and coffee spills effectively. Perfect for cocktail bars, hotel lounges, corporate events, and upscale cafes. Creates an impression of quality without the cost of cloth. Pack of 2400 napkins for high-volume drinks service operations."
PCNWH,"24cm white paper cocktail napkins. Classic 2-ply napkins for bars, cafes, and everyday drinks service.","24 x 24cm white 2-ply paper cocktail napkins for drinks service. Classic choice for bars, cafes, and events. Absorbent 2-ply construction handles spills effectively. Clean white finish suits any setting. Pack of 2000.","These paper cocktail napkins provide reliable quality for everyday drinks service. The 24 x 24cm size suits placing under glasses, wrapping around cups, and general bar service. The 2-ply construction provides good absorbency for handling condensation and small spills. Clean white colour creates professional presentation at any venue. Perfect for bars, cafes, restaurants, and event catering where practical napkins are needed at value pricing. Works well in napkin holders and dispensers. Made from quality paper stock. Pack of 2000 napkins for high-volume bars and cafes."
PCNBL,"24cm black paper cocktail napkins. Stylish 2-ply napkins for bars, events, and sophisticated service.","24 x 24cm black 2-ply paper cocktail napkins for drinks service. Stylish black colour suits cocktail bars and events. Absorbent 2-ply construction handles spills effectively. Sophisticated presentation. Pack of 2000.","These paper cocktail napkins bring style to everyday drinks service. The 24 x 24cm size suits placing under glasses, wrapping around cups, and general bar service. The 2-ply construction provides good absorbency for handling condensation and small spills. The sophisticated black colour creates upscale presentation at cocktail bars, nightclubs, and events while effectively hiding stains. Perfect for venues where style matters alongside practicality. Works well in napkin holders and dispensers for self-service. Made from quality paper stock. Pack of 2000 napkins for high-volume cocktail bars and event catering."
BB-BOX-NAP,"25cm bamboo pulp cocktail napkins. Sustainable unbleached napkins for eco-conscious venues and events.","25 x 25cm bamboo pulp cocktail napkins made from sustainable materials. The natural unbleached appearance signals eco-friendly values. Excellent absorbency from bamboo fibre construction. Perfect for sustainable venues. Pack of 2400.","These bamboo pulp cocktail napkins offer the sustainable choice for drinks service. Made from bamboo - one of the fastest-growing renewable resources - they deliver genuine eco credentials. The 25 x 25cm size suits bar service and drinks accompaniment. The natural unbleached colour creates an earthy, authentic appearance that appeals to environmentally conscious customers. Bamboo fibre provides excellent absorbency, handling condensation and spills effectively. Perfect for eco-conscious cafes, vegan restaurants, organic wine bars, and events prioritising sustainability. The visible eco credentials help venues communicate their environmental values. Compostable after use. Pack of 2400 napkins."
APIN-8-W,"40cm white pocket napkins with cutlery sleeve. Elegant paper napkins for restaurant table settings.","40 x 40cm white pocket napkins with integrated cutlery sleeve for elegant table presentation. Pre-fold design holds knife and fork neatly. Premium paper quality for restaurants and events. Pack of 500.","These pocket napkins streamline elegant table service. The 40 x 40cm size provides generous coverage, while the integrated cutlery pocket holds knife and fork in place for neat presentation. The pre-folded design saves staff time during table setup - simply insert cutlery and place. Clean white colour suits any restaurant decor or event theme. Premium paper quality provides good absorbency and a soft feel. Perfect for restaurants, wedding receptions, corporate dining, and catered events where efficient elegant presentation matters. The pocket detail adds visual interest while keeping cutlery organised. Pack of 500 napkins for professional dining operations."
12PIZBKR,"12 inch kraft pizza boxes. Medium size corrugated cardboard for standard pizzas - recyclable and sturdy.","12 inch (310 x 310mm) kraft pizza boxes made from corrugated cardboard. The most popular medium pizza size in the UK. Sturdy construction keeps pizzas hot and protected during delivery. Recyclable. Pack of 100.","These 12 inch pizza boxes are built for the UK's most popular pizza size. The corrugated cardboard construction provides excellent insulation and protection, keeping pizzas hot and intact during delivery and collection. Ventilation prevents sogginess without losing heat. The natural kraft finish creates an artisan, eco-friendly appearance that works perfectly with stamps, stickers, or printed sleeves for custom branding. The 310 x 310mm internal size fits standard 12 inch medium pizzas with space for easy removal. Stackable design ensures efficient storage and fast service during busy periods. Recyclable when not heavily soiled with grease. Pack of 100 boxes."
16PIZBKR,"16 inch kraft pizza boxes. Large size corrugated cardboard for family pizzas - recyclable and sturdy.","16 inch (406 x 406mm) kraft pizza boxes made from corrugated cardboard. Large family size for sharing pizzas. Extra sturdy construction keeps pizzas hot and protected during delivery. Recyclable. Pack of 50.","These 16 inch pizza boxes accommodate large family-size pizzas. The extra sturdy corrugated cardboard construction provides excellent insulation and protection, keeping large pizzas hot and intact during delivery. Ventilation prevents sogginess without losing heat. The natural kraft finish creates an artisan, eco-friendly appearance that works perfectly with stamps, stickers, or printed sleeves for custom branding. The 406 x 406mm internal size fits large 16 inch pizzas with space for easy removal. Stackable design ensures efficient storage. Recyclable when not heavily soiled with grease. Pack of 50 boxes for pizzerias serving large family portions."
7PIZBKR,"7 inch kraft pizza boxes. Personal size corrugated cardboard for individual pizzas - recyclable and sturdy.","7 inch (195 x 195mm) kraft pizza boxes made from corrugated cardboard. Personal pizza size perfect for individual portions and kids meals. Sturdy construction for delivery and collection. Recyclable. Pack of 100.","These 7 inch pizza boxes are designed for personal-size pizzas. The corrugated cardboard construction provides excellent insulation and protection, keeping individual pizzas hot and intact during delivery. Ventilation prevents sogginess without losing heat. The natural kraft finish creates an artisan, eco-friendly appearance that works perfectly with stamps, stickers, or printed sleeves for custom branding. The 195 x 195mm internal size fits personal 7 inch pizzas including kids portions and lunch-size options. Perfect for pizzerias offering individual serving sizes, food trucks, and quick-service lunch menus. Stackable design for efficient storage. Recyclable when clean. Pack of 100 boxes."
9PIZBKR,"9 inch kraft pizza boxes. Small size corrugated cardboard for personal pizzas - recyclable and sturdy.","9 inch (240 x 240mm) kraft pizza boxes made from corrugated cardboard. Small pizza size for individual portions. Sturdy construction keeps pizzas hot and protected during delivery. Recyclable. Pack of 100.","These 9 inch pizza boxes are built for small individual pizzas. The corrugated cardboard construction provides excellent insulation and protection, keeping pizzas hot and intact during delivery and collection. Ventilation prevents sogginess without losing heat. The natural kraft finish creates an artisan, eco-friendly appearance that works perfectly with stamps, stickers, or printed sleeves for custom branding. The 240 x 240mm internal size fits small 9 inch pizzas popular for personal portions. Perfect for pizzerias, food courts, and quick-service operations offering individual servings. Stackable design ensures efficient storage. Recyclable when not heavily soiled with grease. Pack of 100 boxes."
BB-PULP-10M,"10mm jumbo bamboo pulp straws. Extra wide for milkshakes and thick smoothies - compostable and sturdy.","10 x 200mm jumbo bamboo pulp straws for thick drinks. Extra wide 10mm diameter handles milkshakes, bubble tea, and thick smoothies. Made from bamboo - stronger than paper straws. Fully compostable. Pack of 3600.","These jumbo straws are built for thick beverages that regular straws can't handle. The extra wide 10mm diameter easily handles milkshakes, bubble tea with tapioca pearls, thick smoothies, and icy blended drinks. Made from bamboo pulp - the natural fibres provide superior rigidity compared to paper straws, staying firm throughout use without becoming soggy. The 200mm length works with tall glasses and large cups. 100% compostable and breaks down naturally without leaving microplastics. Perfect for milkshake bars, bubble tea shops, smoothie venues, and any business serving thick blended drinks. Pack of 3600 straws for high-volume operations."
BB-PULP-15,"6mm short bamboo pulp straws. Cocktail size compostable straws for cold drinks and mixed drinks.","6 x 150mm bamboo pulp cocktail straws for smaller drinks. Compact 150mm length perfect for cocktails, soft drinks, and juice glasses. Made from bamboo - compostable and stronger than paper. Pack of 5000.","These short straws are designed for cocktails and smaller drink glasses. The compact 150mm length suits cocktail glasses, juice tumblers, and children's drinks perfectly. Made from bamboo pulp - the natural fibres provide superior rigidity compared to paper straws, staying firm throughout use without becoming soggy. The 6mm diameter handles standard cold drinks effectively. 100% compostable and breaks down naturally without leaving microplastics. Perfect for cocktail bars, juice counters, cafes, and family restaurants serving kids drinks. The natural bamboo appearance signals eco-friendly values to customers. Pack of 5000 straws for high-volume bars and restaurants."
BB-FBRN-15,"6mm natural bio fibre straws. Short cocktail straws - compostable with smooth finish.","6 x 150mm natural bio fibre cocktail straws with smooth finish. Compact 150mm length for cocktails and small drinks. Compostable material stronger than paper straws. Natural colour. Pack of 2500.","These bio fibre cocktail straws combine sustainability with smooth drinking experience. The compact 150mm length suits cocktail glasses, juice tumblers, and smaller drinks. Made from bio fibre - a plant-based material that provides excellent rigidity without the texture of paper straws. The smooth surface feels comfortable during use while the natural colour signals eco credentials. 100% compostable and breaks down naturally. The 6mm diameter handles standard cold drinks effectively. Perfect for cocktail bars, wine bars, and upscale cafes where smooth drinking experience matters alongside sustainability. Pack of 2500 straws."
WPS15,"6mm white paper straws. Short cocktail straws - biodegradable and FSC-certified for eco-friendly service.","6 x 150mm white paper cocktail straws for smaller drinks. Classic white colour suits any setting. FSC-certified paper, fully biodegradable. Compact length perfect for cocktails and juice glasses. Pack of 5000.","These white paper straws are the classic eco-friendly choice for smaller drinks. The compact 150mm length suits cocktail glasses, juice tumblers, and children's drinks. Made from FSC-certified paper with a food-safe coating, they stay firm for everyday use while remaining fully biodegradable. The clean white colour provides professional presentation that suits any venue style. The 6mm diameter handles standard cold drinks effectively. Perfect for bars, restaurants, cafes, and event catering where affordable sustainability matters. Widely accepted by customers familiar with paper straws as the plastic alternative. Pack of 5000 straws for high-volume operations."
BB-FBRBL-15,"6mm black bio fibre straws. Short cocktail straws - compostable with smooth stylish finish.","6 x 150mm black bio fibre cocktail straws with smooth finish. Compact 150mm length for cocktails and small drinks. Compostable material stronger than paper straws. Sophisticated black colour. Pack of 2500.","These black bio fibre cocktail straws combine style with sustainability. The compact 150mm length suits cocktail glasses, juice tumblers, and smaller drinks. Made from bio fibre - a plant-based material that provides excellent rigidity without the texture of paper straws. The smooth surface feels comfortable during use while the sophisticated black colour creates upscale presentation. 100% compostable and breaks down naturally. The 6mm diameter handles standard cold drinks effectively. Perfect for cocktail bars, nightclubs, and premium venues where style matters alongside eco credentials. Pack of 2500 straws."
BPS15,"6mm black paper straws. Short cocktail straws - biodegradable and FSC-certified with sophisticated finish.","6 x 150mm black paper cocktail straws for smaller drinks. Sophisticated black colour suits upscale bars and events. FSC-certified paper, fully biodegradable. Compact length for cocktails. Pack of 5000.","These black paper straws add sophistication to eco-friendly drinks service. The compact 150mm length suits cocktail glasses, juice tumblers, and smaller drinks at bars and events. Made from FSC-certified paper with a food-safe coating, they stay firm for everyday use while remaining fully biodegradable. The sophisticated black colour creates premium presentation for cocktail bars, nightclubs, and upscale events while effectively hiding marks. The 6mm diameter handles standard cold drinks effectively. Perfect for venues where style and sustainability both matter. Pack of 5000 straws for high-volume cocktail service."
BB-FBRN-20,"6mm natural bio fibre straws. Standard length compostable straws with smooth finish for everyday drinks.","6 x 200mm natural bio fibre drinking straws with smooth finish. Standard length for regular glasses and cups. Compostable material stronger than paper straws. Natural colour signals eco credentials. Pack of 2500.","These bio fibre drinking straws combine sustainability with smooth drinking experience. The standard 200mm length suits regular glasses, tall cups, and most drink servings. Made from bio fibre - a plant-based material that provides excellent rigidity without the texture of paper straws. The smooth surface feels comfortable during use while the natural colour signals eco credentials to customers. 100% compostable and breaks down naturally without microplastics. The 6mm diameter handles standard cold drinks effectively. Perfect for cafes, restaurants, and venues where smooth drinking experience matters alongside sustainability. Pack of 2500 straws."
BPS20,"6mm black paper straws. Standard length biodegradable straws with sophisticated finish for drinks service.","6 x 200mm black paper drinking straws for standard drinks. Sophisticated black colour suits bars and upscale venues. FSC-certified paper, fully biodegradable. Standard length for regular glasses. Pack of 5000.","These black paper straws add style to everyday eco-friendly drinks service. The standard 200mm length suits regular glasses, tall cups, and most standard drink servings. Made from FSC-certified paper with a food-safe coating, they stay firm for everyday use while remaining fully biodegradable. The sophisticated black colour creates premium presentation and effectively hides marks during use. The 6mm diameter handles standard cold drinks effectively. Perfect for bars, restaurants, and cafes where style and sustainability both matter. Pack of 5000 straws for high-volume drinks service."
BB-FBRBL-20,"6mm black bio fibre straws. Standard length compostable straws with smooth stylish finish.","6 x 200mm black bio fibre drinking straws with smooth finish. Standard length for regular glasses and cups. Compostable material stronger than paper straws. Sophisticated black colour. Pack of 2500.","These black bio fibre drinking straws combine style with sustainability. The standard 200mm length suits regular glasses, tall cups, and most drink servings. Made from bio fibre - a plant-based material that provides excellent rigidity without the texture of paper straws. The smooth surface feels comfortable during use while the sophisticated black colour creates upscale presentation. 100% compostable and breaks down naturally without microplastics. The 6mm diameter handles standard cold drinks effectively. Perfect for bars, cafes, and premium venues where style matters alongside eco credentials. Pack of 2500 straws."
BB-PULP-20,"6mm bamboo pulp straws. Standard length compostable straws - stronger than paper for everyday drinks.","6 x 200mm bamboo pulp drinking straws for standard drinks. Made from bamboo - naturally rigid and stronger than paper straws. Standard length for regular glasses and cups. Fully compostable. Pack of 5000.","These bamboo pulp straws offer reliable sustainability for everyday drinks service. The standard 200mm length suits regular glasses, tall cups, and most drink servings. Made from bamboo pulp - the natural fibres provide superior rigidity compared to paper straws, staying firm throughout use without becoming soggy. The 6mm diameter handles standard cold drinks effectively. 100% compostable and breaks down naturally without leaving microplastics. The natural bamboo appearance signals eco-friendly values to customers. Perfect for cafes, restaurants, bars, and event catering. Pack of 5000 straws for high-volume operations."
WPS20,"6mm white paper straws. Standard length biodegradable straws - FSC-certified for eco-friendly service.","6 x 200mm white paper drinking straws for standard drinks. Classic white colour suits any setting. FSC-certified paper, fully biodegradable. Standard length for regular glasses and cups. Pack of 5000.","These white paper straws are the classic eco-friendly choice for everyday drinks. The standard 200mm length suits regular glasses, tall cups, and most drink servings. Made from FSC-certified paper with a food-safe coating, they stay firm for everyday use while remaining fully biodegradable. The clean white colour provides professional presentation that suits any venue style. The 6mm diameter handles standard cold drinks effectively. Widely accepted by customers as the standard plastic alternative. Perfect for cafes, restaurants, bars, and event catering where affordable sustainability matters. Pack of 5000 straws for high-volume operations."
RWPS8,"8mm red and white striped paper straws. Jumbo retro straws for milkshakes and smoothies.","8 x 200mm red and white striped paper straws with classic retro design. Jumbo 8mm width for milkshakes and smoothies. FSC-certified paper, fully biodegradable. Fun vintage aesthetic. Pack of 8000.","These red and white striped straws bring retro fun to milkshakes and smoothies. The classic candy stripe design creates nostalgic appeal perfect for American diners, milkshake bars, and family-friendly venues. The jumbo 8mm width handles thick milkshakes, smoothies, and blended drinks effectively. Made from FSC-certified paper with a food-safe coating, they stay firm during use while remaining fully biodegradable. The 200mm length suits tall milkshake glasses and large cups. Perfect for creating Instagram-worthy drink presentation. The large pack of 8000 straws suits busy milkshake bars and event catering. A fun choice that delights customers while staying eco-friendly."
BB-PULP-JUM,"8mm jumbo bamboo pulp straws. Wide straws for smoothies and thick drinks - compostable and extra sturdy.","8 x 200mm jumbo bamboo pulp straws for thick drinks. Wide 8mm diameter handles smoothies and milkshakes. Made from bamboo - stronger than paper straws and stays firm. Fully compostable. Pack of 5000.","These jumbo bamboo pulp straws handle thick beverages confidently. The 8mm width provides easy drinking for smoothies, milkshakes, and blended drinks without the frustration of narrow straws. Made from bamboo pulp - the natural fibres provide superior rigidity compared to paper straws, staying firm throughout use without becoming soggy even in thick drinks. The 200mm length works with standard tall glasses and cups. 100% compostable and breaks down naturally without leaving microplastics. Perfect for smoothie bars, juice shops, and cafes serving blended drinks. Pack of 5000 straws for high-volume smoothie operations."
575LREC,"Clear PP lids for rectangular kraft bowls. Leak-proof seal fits 500ml-1000ml sizes.","Clear polypropylene lids for rectangular kraft food bowls. One size fits 500ml, 750ml, and 1000ml bowls. Crystal clear visibility lets customers see contents. Secure snap-fit creates leak-proof seal. Recyclable. Pack of 300.","These clear lids complete your rectangular kraft bowl packaging with professional presentation. Made from recyclable polypropylene, they snap firmly onto rectangular bowls to create a leak-proof seal for salads, pasta, curries, and meal prep. The crystal clear material showcases food attractively while keeping contents fresh and secure during transport. One versatile size fits all three rectangular bowl sizes (500ml, 750ml, 1000ml), simplifying stock management. The secure closure prevents spills during delivery. Stack neatly for efficient storage behind the counter. Compatible with our rectangular kraft bowls. Pack of 300 lids for busy takeaway operations."
10MLREC,"1000ml rectangular kraft bowls. Large biodegradable containers for generous meal portions and sharing.","1000ml rectangular kraft food bowls for generous portions. Biodegradable construction handles hot and cold foods. Leak-proof lining keeps contents secure. The rectangular shape maximises delivery bag space. Pack of 300.","These 1000ml rectangular bowls are built for generous meal portions. The large capacity accommodates sharing portions, loaded salads, and substantial mains. The biodegradable kraft construction handles everything from fresh salads to hot pasta and curries. Leak-proof lining prevents drips and keeps food secure during transport. The rectangular shape stacks neatly, fits efficiently in delivery bags, and uses less shelf space than round containers. The natural kraft appearance signals eco-friendly values to customers. Pair with our clear PP lids for a complete sealed package. Ideal for meal prep businesses, family portion takeaway, and restaurants serving generous sizes. Pack of 300 bowls."
5MLREC,"500ml rectangular kraft bowls. Compact biodegradable containers for sides and small portions.","500ml rectangular kraft food bowls for small portions and sides. Biodegradable construction handles hot and cold foods. Leak-proof lining keeps contents secure. The rectangular shape maximises delivery bag space. Pack of 300.","These 500ml rectangular bowls are perfect for sides and smaller portions. The compact size accommodates side salads, grain portions, and accompaniments. The biodegradable kraft construction handles both hot and cold foods with confidence. Leak-proof lining prevents drips and keeps food secure during transport. The rectangular shape stacks neatly, fits efficiently in delivery bags, and uses less shelf space than round containers. The natural kraft appearance signals eco-friendly values to customers. Pair with our clear PP lids for a complete sealed package. Ideal for delis, salad bars, and restaurants offering side portions. Pack of 300 bowls."
75MLREC,"750ml rectangular kraft bowls. Standard biodegradable containers for main course portions.","750ml rectangular kraft food bowls for standard main portions. Biodegradable construction handles hot and cold foods. Leak-proof lining keeps contents secure. The rectangular shape maximises delivery bag space. Pack of 300.","These 750ml rectangular bowls suit standard main course portions perfectly. The versatile size accommodates most meal servings from salads to pasta and curries. The biodegradable kraft construction handles everything from fresh salads to hot dishes with confidence. Leak-proof lining prevents drips and keeps food secure during transport. The rectangular shape stacks neatly, fits efficiently in delivery bags, and uses less shelf space than round containers. The natural kraft appearance signals eco-friendly values to customers. Pair with our clear PP lids for a complete sealed package. Ideal for takeaway restaurants and delivery kitchens. Pack of 300 bowls."
575LRND,"Clear PP lids for round kraft bowls. Leak-proof seal fits 500ml-1000ml sizes.","Clear polypropylene lids for round kraft salad bowls. Fits 500ml, 750ml, and 1000ml round bowls. Crystal clear visibility showcases salads and poke bowls. Secure snap-fit creates leak-proof seal. Recyclable. Pack of 300.","These clear lids complete your round kraft bowl packaging with professional presentation. Made from recyclable polypropylene, they snap firmly onto round bowls to create a leak-proof seal for salads, poke bowls, and grain bowls. The crystal clear material showcases food attractively while keeping contents fresh and secure during transport. The tight-fitting rim handles dressings and sauces without leaking. Stack neatly for efficient storage behind the counter. Compatible with our round kraft salad bowls in 500ml, 750ml, and 1000ml sizes. Perfect for salad bars, healthy eating outlets, and meal prep businesses. Pack of 300 lids."
10MLRKB,"1000ml round kraft bowls. Large biodegradable containers for generous salads and poke bowls.","1000ml round kraft salad bowls for generous portions. Biodegradable construction handles salads, poke bowls, and hot foods. Leak-proof lining keeps dressings secure. The round shape creates attractive presentation. Pack of 300.","These 1000ml round bowls are built for generous salads and sharing portions. The large capacity accommodates loaded salads, poke bowls with multiple toppings, and substantial grain bowls. Made from biodegradable kraft board that breaks down naturally while providing reliable leak-proof performance. The sturdy construction handles both hot and cold foods with confidence. The round shape creates attractive presentation that suits modern healthy eating trends. Available with clear lids for grab-and-go service. Perfect for salad bars, poke restaurants, and healthy eating outlets. The natural kraft finish appeals to eco-conscious customers. Pack of 300 bowls."
5MLRKB,"500ml round kraft bowls. Compact biodegradable containers for small salads and grain bowls.","500ml round kraft salad bowls for small portions. Biodegradable construction handles salads, sides, and snacks. Leak-proof lining keeps dressings secure. The round shape creates attractive presentation. Pack of 300.","These 500ml round bowls are perfect for smaller salads and side portions. The compact size accommodates side salads, grain bowls, fruit portions, and light snacks. Made from biodegradable kraft board that breaks down naturally while providing reliable leak-proof performance. The sturdy construction handles both hot and cold foods with confidence. The round shape creates attractive presentation for modern healthy eating. Available with clear lids for grab-and-go service. Perfect for salad bars, cafes, and healthy eating outlets offering smaller options. The natural kraft finish appeals to eco-conscious customers. Pack of 300 bowls."
75MLRKB,"750ml round kraft bowls. Standard biodegradable containers for salads, poke bowls, and grain bowls.","750ml round kraft salad bowls for standard portions. Biodegradable construction handles salads, poke bowls, and hot foods. Leak-proof lining keeps dressings secure. Most popular size for individual servings. Pack of 300.","These 750ml round bowls are the most popular size for individual salads and grain bowls. The versatile capacity accommodates standard salad portions, poke bowls, and grain-based meals perfectly. Made from biodegradable kraft board that breaks down naturally while providing reliable leak-proof performance. The sturdy construction handles both hot and cold foods with confidence. The round shape creates attractive presentation that suits modern healthy eating trends. Available with clear lids for grab-and-go service. Perfect for salad bars, poke restaurants, and healthy eating outlets. The natural kraft finish appeals to eco-conscious customers. Pack of 300 bowls."
16LIDSOUPCK,"Kraft paper lids for 16oz soup containers. Secure vented seal for hot foods and delivery.","Kraft paper lids for 16oz soup containers. The vented design allows steam to escape while the secure rim seal keeps soups safe during transport. Eco-friendly kraft construction is recyclable and compostable. Pack of 500.","These kraft soup lids pair perfectly with our 16oz paper soup containers. The vented design allows steam to escape, preventing condensation build-up and soggy lids during transport. The secure rim seal keeps hot soups, stews, and porridge safe during delivery and collection. Made from sustainable kraft paper, these lids are fully recyclable and commercially compostable - completing your eco-friendly takeaway presentation. The natural kraft finish matches our soup containers for cohesive presentation. Perfect for cafes, delis, food halls, and anywhere serving large portions of hot soup to go. Pack of 500 lids."
8LIDSOUPCK,"Kraft paper lids for 8oz and 12oz soup containers. Secure vented seal for hot foods and delivery.","Kraft paper lids for 8oz and 12oz soup containers. The vented design allows steam to escape while the secure rim seal keeps soups safe during transport. Eco-friendly kraft construction is recyclable and compostable. Pack of 500.","These kraft soup lids pair perfectly with our 8oz and 12oz paper soup containers. The vented design allows steam to escape, preventing condensation build-up and soggy lids during transport. The secure rim seal keeps hot soups, stews, and porridge safe during delivery and collection. Made from sustainable kraft paper, these lids are fully recyclable and commercially compostable - completing your eco-friendly takeaway presentation. One lid fits both 8oz and 12oz containers, simplifying stock management. Perfect for cafes, delis, food halls, and anywhere serving hot soup to go. Pack of 500 lids."
12SOUPCK,"12oz kraft soup containers. Standard size biodegradable pots for hot soups and stews.","12oz kraft paper soup containers for standard soup portions. Heavy-duty construction handles hot soups, stews, and porridge without leaking. Biodegradable and eco-friendly. Pairs with our kraft soup lids. Pack of 500.","These 12oz soup containers are built for standard soup portions. The heavy-duty kraft construction handles steaming soups, hearty stews, porridge, and chilli without leaking or losing heat. The 340ml capacity suits most individual soup servings perfectly. Made from biodegradable kraft paper that supports your sustainability goals. Each container pairs with our kraft lids for secure transport. The natural kraft finish appeals to eco-conscious customers while the sturdy construction ensures reliable performance. Perfect for cafes, delis, food trucks, and delivery kitchens serving hot foods. Pack of 500 containers for busy takeaway operations."
16SOUPCK,"16oz kraft soup containers. Large size biodegradable pots for generous soups and stews.","16oz kraft paper soup containers for large soup portions. Heavy-duty construction handles hot soups, stews, and porridge without leaking. Biodegradable and eco-friendly. Pairs with our kraft soup lids. Pack of 500.","These 16oz soup containers are built for generous soup portions. The heavy-duty kraft construction handles steaming soups, hearty stews, porridge, and chilli without leaking or losing heat. The large 453ml capacity suits big appetites and customers wanting substantial meals. Made from biodegradable kraft paper that supports your sustainability goals. Each container pairs with our kraft lids for secure transport. The natural kraft finish appeals to eco-conscious customers while the sturdy construction ensures reliable performance. Perfect for cafes, delis, food trucks, and delivery kitchens serving large portions. Pack of 500 containers."
8SOUPCK,"8oz kraft soup containers. Small size biodegradable pots for sides and sample portions.","8oz kraft paper soup containers for small soup portions and sides. Heavy-duty construction handles hot soups and stews without leaking. Biodegradable and eco-friendly. Pairs with our kraft soup lids. Pack of 500.","These 8oz soup containers are perfect for small portions and sides. The heavy-duty kraft construction handles steaming soups, stews, and porridge without leaking or losing heat. The compact 227ml capacity suits side soups, taster portions, and accompaniments. Made from biodegradable kraft paper that supports your sustainability goals. Each container pairs with our kraft lids for secure transport. The natural kraft finish appeals to eco-conscious customers. Perfect for cafes offering soup-and-sandwich deals, taster menus, and delivery operations where portion control matters. Pack of 500 containers for busy takeaway operations."
NO1KDV,"No.1 kraft takeaway boxes (755ml). Compact compostable deli boxes for sides and small portions.","No.1 (755ml/26oz) kraft takeaway boxes for small portions and sides. Compostable deli box design handles hot and cold foods. Leak-proof construction with secure fold-over lid. Vegware certified. Pack of 450.","These No.1 kraft boxes are perfect for sides and smaller portions. The 755ml capacity suits rice portions, side dishes, and light meals. The sturdy kraft construction handles hot curries, noodle dishes, and cold salads without leaking. The fold-over lid locks securely for transport. Made from certified compostable materials that break down in commercial composting facilities. The natural kraft finish appeals to eco-conscious customers while signalling your sustainability values. Vegware certified for genuine eco credentials. Perfect for restaurants, dark kitchens, and delivery services. Pack of 450 boxes for high-volume takeaway operations."
NO3KDV,"No.3 kraft takeaway boxes (1900ml). Extra large compostable deli boxes for sharing portions.","No.3 (1900ml/69oz) kraft takeaway boxes for sharing portions. Extra large compostable deli box handles hot and cold foods. Leak-proof construction with secure fold-over lid. Vegware certified. Pack of 200.","These No.3 kraft boxes accommodate extra large sharing portions. The generous 1900ml capacity suits family meals, sharing platters, and large orders. The extra sturdy kraft construction handles hot curries, generous noodle servings, and loaded salads without leaking or losing shape. The fold-over lid locks securely for transport. Made from certified compostable materials that break down in commercial composting facilities. The natural kraft finish appeals to eco-conscious customers. Vegware certified for genuine eco credentials. Perfect for restaurants offering family portions and sharing dishes. Pack of 200 boxes."
NO8KDV,"No.8 kraft takeaway boxes (1300ml). Large compostable deli boxes for main course portions.","No.8 (1300ml/49oz) kraft takeaway boxes for standard main portions. Large compostable deli box handles hot and cold foods. Leak-proof construction with secure fold-over lid. Vegware certified. Pack of 300.","These No.8 kraft boxes suit standard main course portions perfectly. The 1300ml capacity accommodates curries with rice, noodle dishes, and generous salads. The sturdy kraft construction handles hot and cold foods without leaking or losing shape. The fold-over lid locks securely for transport. Made from certified compostable materials that break down in commercial composting facilities. The natural kraft finish appeals to eco-conscious customers while signalling your sustainability values. Vegware certified for genuine eco credentials. Perfect for restaurants, dark kitchens, and delivery services. Pack of 300 boxes for busy takeaway operations."
WCS14,"140mm wooden coffee stirrers. Short birchwood stirrers for espresso and small cups - biodegradable.","140mm wooden coffee stirrers made from sustainable birchwood. Compact size perfect for espresso cups and small drinks. Smooth finish without splinters. Fully biodegradable and compostable. Pack of 10000.","These 140mm wooden stirrers are designed for espresso cups and small drink sizes. Made from FSC-certified birchwood, each stirrer features a smooth finish that won't splinter or leave residue in drinks. The compact 140mm length fits 4-8oz cups without protruding awkwardly. The natural wood is fully biodegradable and commercially compostable, breaking down naturally after disposal. Perfect for espresso bars, coffee shops, and offices replacing plastic stirrers. The large pack of 10000 stirrers suits high-volume operations. Eco-friendly alternative that customers recognise and appreciate."
WCS18,"180mm wooden coffee stirrers. Standard birchwood stirrers for regular coffee cups - biodegradable.","180mm wooden coffee stirrers made from sustainable birchwood. Standard size for regular coffee cups and travel mugs. Smooth finish without splinters. Fully biodegradable and compostable. Pack of 10000.","These 180mm wooden stirrers are designed for standard coffee cups and travel mugs. Made from FSC-certified birchwood, each stirrer features a smooth finish that won't splinter or leave residue in drinks. The 180mm length suits 12-16oz cups and tall travel mugs, reaching the bottom for proper stirring. The natural wood is fully biodegradable and commercially compostable, breaking down naturally after disposal. Perfect for cafes, coffee shops, and offices replacing plastic stirrers. The large pack of 10000 stirrers suits high-volume operations. Eco-friendly alternative that customers appreciate."
WFKPNK,"Wooden cutlery kit with fork, knife, and napkin. Complete compostable meal set for takeaway service.","Wooden cutlery kit containing fork, knife, and paper napkin. Complete meal set for takeaway and delivery. Made from sustainable birchwood. Fully biodegradable and compostable. Convenient for grab-and-go service. Pack of 250.","These cutlery kits provide complete meal service in one convenient package. Each kit contains a wooden fork, knife, and paper napkin - everything customers need for takeaway meals. Made from sustainable birchwood with a smooth, splinter-free finish. The 160mm cutlery handles everything from salads to main courses confidently. The included napkin completes the package. 100% biodegradable and commercially compostable. Perfect for food trucks, delivery services, outdoor events, and any operation where convenient individual meal sets save time. Eliminates the hassle of assembling separate components. Pack of 250 complete kits."
WCFRK,"160mm wooden forks. Compostable birchwood forks for eco-friendly catering and takeaway service.","160mm wooden forks made from sustainable birchwood. Sturdy tines handle salads and main courses. Smooth finish without splinters. Fully biodegradable and compostable. Pack of 1000.","These wooden forks offer sustainable alternative to plastic disposables. Made from natural birchwood, each fork features sturdy tines and a smooth, splinter-free finish. The 160mm length provides comfortable grip while handling salads, pasta, and main course dishes confidently. 100% biodegradable and commercially compostable, breaking down naturally after disposal. Perfect for food trucks, outdoor events, workplace canteens, and eco-conscious catering. Customers increasingly expect sustainable alternatives, and wooden cutlery delivers on that expectation. Pack of 1000 forks for high-volume operations."
WCKNF,"160mm wooden knives. Compostable birchwood knives for eco-friendly catering and takeaway service.","160mm wooden knives made from sustainable birchwood. Smooth cutting edge handles most foods. Splinter-free finish for comfortable use. Fully biodegradable and compostable. Pack of 1000.","These wooden knives offer sustainable alternative to plastic disposables. Made from natural birchwood, each knife features a smooth cutting edge and splinter-free finish. The 160mm length provides comfortable grip for cutting through most takeaway foods. 100% biodegradable and commercially compostable, breaking down naturally after disposal. Works well paired with our wooden forks for complete eco-friendly meal service. Perfect for food trucks, outdoor events, workplace canteens, and eco-conscious catering. Customers increasingly expect sustainable alternatives. Pack of 1000 knives for high-volume operations."
WCSPN,"160mm wooden spoons. Compostable birchwood spoons for soups, desserts, and yoghurt.","160mm wooden spoons made from sustainable birchwood. Deep bowl handles soups, desserts, and yoghurt. Smooth finish without splinters. Fully biodegradable and compostable. Pack of 1000.","These wooden spoons offer sustainable alternative to plastic disposables. Made from natural birchwood, each spoon features a properly shaped bowl and smooth, splinter-free finish. The 160mm length and deep bowl handle soups, desserts, ice cream, and yoghurt pots effectively. 100% biodegradable and commercially compostable, breaking down naturally after disposal. Perfect for soup counters, dessert shops, frozen yogurt bars, and eco-conscious catering. Customers increasingly expect sustainable alternatives for dessert and soup service. Pack of 1000 spoons for high-volume operations."
RCC2C,"2-cup drink carriers. Pulp fibre trays for secure takeaway drink transport - recyclable.","2-cup pulp fibre drink carriers for takeaway and delivery. Secure grip prevents cup tipping and spills. Fits 8oz to 16oz cups. Made from moulded pulp, fully recyclable. Pack of 360.","These 2-cup carriers make drink transport safe and simple for small orders. Made from moulded pulp fibre, they grip cups securely to prevent tipping and spills - essential for delivery riders and walk-out customers. The sturdy construction handles both hot coffees and cold drinks confidently. The 2-cup size suits small orders, couples, and quick collections. Fits standard takeaway cups from 8oz to 16oz. The natural pulp material is fully recyclable and signals eco-friendly values. Flat-packed for efficient storage behind the counter. Ideal for coffee shops, cafes, and any business with takeaway drinks. Pack of 360 carriers."
RCC4C,"4-cup drink carriers. Pulp fibre trays for secure takeaway drink transport - recyclable.","4-cup pulp fibre drink carriers for takeaway and delivery. Secure grip prevents cup tipping and spills. Fits 8oz to 16oz cups. Made from moulded pulp, fully recyclable. Pack of 180.","These 4-cup carriers make drink transport safe for larger orders. Made from moulded pulp fibre, they grip cups securely to prevent tipping and spills - essential for delivery riders and office runs. The sturdy construction handles both hot coffees and cold drinks confidently. The 4-cup size suits group orders, office deliveries, and family collections. Fits standard takeaway cups from 8oz to 16oz. The natural pulp material is fully recyclable and signals eco-friendly values. Flat-packed for efficient storage. Ideal for coffee shops, delivery platforms, and any business handling multi-drink orders. Pack of 180 carriers."
LRKTB,"Large kraft flat handle bags. Sturdy paper carrier bags for big takeaway orders and retail.","Large kraft paper bags with flat twisted handles for big orders. Sturdy construction holds heavy takeaway meals and retail items. Natural brown kraft finish looks professional. Recyclable. Pack of 250.","These large kraft bags handle big orders confidently. The flat twisted handles sit comfortably in hands even with heavier loads. Sturdy kraft paper construction holds large takeaway meals, retail purchases, and gift items without tearing. The natural brown finish signals eco-friendly values and works well with stamps, stickers, or branded labels. Large size accommodates family meal orders, multiple items, and bigger retail purchases. Recyclable and made from sustainable materials. Ideal for restaurants serving group orders, retail shops, and bakeries with larger item sales. Pack of 250 bags."
MKTB,"Medium kraft flat handle bags. Sturdy paper carrier bags for standard takeaway orders.","Medium kraft paper bags with flat twisted handles for standard orders. Sturdy construction holds typical takeaway meals securely. Natural brown kraft finish looks professional. Recyclable. Pack of 250.","These medium kraft bags suit standard takeaway orders perfectly. The flat twisted handles provide comfortable carrying while sturdy kraft paper construction holds typical meals without tearing. The natural brown finish signals eco-friendly values and works well with stamps, stickers, or branded labels. Medium size accommodates most individual takeaway orders, lunch portions, and standard retail items. Recyclable and made from sustainable materials. Ideal for cafes, delis, restaurants, bakeries, and retail shops. The most versatile size for everyday operations. Pack of 250 bags."
SKTB,"Small kraft flat handle bags. Sturdy paper carrier bags for snacks and small items.","Small kraft paper bags with flat twisted handles for smaller items. Sturdy construction holds snacks, pastries, and small purchases. Natural brown kraft finish looks professional. Recyclable. Pack of 250.","These small kraft bags are perfect for snacks and smaller items. The flat twisted handles provide easy carrying while sturdy kraft paper construction protects contents without tearing. The natural brown finish signals eco-friendly values and works well with stamps, stickers, or branded labels. Small size suits pastries, sandwiches, snack items, and small retail purchases. Recyclable and made from sustainable materials. Ideal for bakeries, coffee shops, delis, and boutique retail. Perfect for grab-and-go items where larger bags would be wasteful. Pack of 250 bags."
TWBGBSM,"Small black twisted handle bags. Stylish paper carrier bags for boutique takeaway and retail.","Small black paper bags with twisted handles for stylish presentation. Premium look for boutiques, upscale cafes, and gift packaging. Sturdy construction holds items securely. Recyclable. Pack of 300.","These black paper bags deliver premium presentation for businesses that care about style. The comfortable twisted paper handles make carrying easy while sturdy construction holds items securely. The sophisticated black finish creates upscale appeal perfect for boutique shops, premium cafes, gift packaging, and special occasions. Small size suits pastries, coffee accompaniments, small gifts, and boutique retail. Made from eco-friendly paper that's fully recyclable. The elegant design demonstrates quality while practical functionality ensures reliable performance. Ideal for venues where presentation matters as much as sustainability. Pack of 300 bags."
